SET SQL_MODE = "NO_AUTO_VALUE_ON_ZERO";
START TRANSACTION;
SET time_zone = "+00:00";

/*!40101 SET @OLD_CHARACTER_SET_CLIENT=@@CHARACTER_SET_CLIENT */;
/*!40101 SET @OLD_CHARACTER_SET_RESULTS=@@CHARACTER_SET_RESULTS */;
/*!40101 SET @OLD_COLLATION_CONNECTION=@@COLLATION_CONNECTION */;
/*!40101 SET NAMES utf8mb4 */;

CREATE DATABASE IF NOT EXISTS `geschlugen` DEFAULT CHARACTER SET utf8 COLLATE utf8_polish_ci;
USE `geschlugen`;

DROP TABLE IF EXISTS `languages`;
CREATE TABLE `languages` (
  `id` int(11) NOT NULL,
  `name` varchar(100) COLLATE utf8_polish_ci NOT NULL
) ENGINE=InnoDB DEFAULT CHARSET=utf8 COLLATE=utf8_polish_ci;

INSERT INTO `languages` (`id`, `name`) VALUES
(1, 'Angielski'),
(2, 'Niemiecki');

DROP TABLE IF EXISTS `role`;
CREATE TABLE `role` (
  `id` int(11) NOT NULL,
  `name` varchar(255) COLLATE utf8_polish_ci NOT NULL
) ENGINE=InnoDB DEFAULT CHARSET=utf8 COLLATE=utf8_polish_ci;

INSERT INTO `role` (`id`, `name`) VALUES
(1, 'admin'),
(2, 'user');

DROP TABLE IF EXISTS `users`;
CREATE TABLE `users` (
  `id` int(11) NOT NULL,
  `username` varchar(255) COLLATE utf8_polish_ci NOT NULL,
  `password` varchar(512) COLLATE utf8_polish_ci NOT NULL,
  `role` int(11) NOT NULL
) ENGINE=InnoDB DEFAULT CHARSET=utf8 COLLATE=utf8_polish_ci;

INSERT INTO `users` (`id`, `username`, `password`, `role`) VALUES
(1, 'damian', '$2b$12$nvckeLVKSVCA8TwTFx6/EuHOv47DGHKdPjqbatSBIrJC5VLqRfEOC', 1),
(2, 'user', '$2b$12$Asnibgstz8rVMQwjBlEyQO3mX9.hDI7.0lrmuIvAtGkYqW9FK8e92', 2),
(4, 'magda', '$2b$12$7M6e2jgUqoqX3ZL.JSq4I.p0kLi.ZODcHbhw0ru32Pfn4NrAwAe36', 1);

DROP TABLE IF EXISTS `vocabulary`;
CREATE TABLE `vocabulary` (
  `id` int(11) NOT NULL,
  `translation` varchar(255) COLLATE utf8_polish_ci NOT NULL,
  `expression` varchar(255) COLLATE utf8_polish_ci NOT NULL,
  `imperfekt` varchar(255) COLLATE utf8_polish_ci DEFAULT NULL,
  `perfekt` varchar(255) COLLATE utf8_polish_ci DEFAULT NULL,
  `type` int(11) NOT NULL
) ENGINE=InnoDB DEFAULT CHARSET=utf8 COLLATE=utf8_polish_ci;

INSERT INTO `vocabulary` (`id`, `translation`, `expression`, `imperfekt`, `perfekt`, `type`) VALUES
(1, 'oferować', 'anbieten', 'bot an', 'angeboten', 3),
(2, 'ubierać się', 'anziehen', 'zog sich an', 'sich angezogen', 3),
(3, 'zwracać uwagę', 'auffallen', 'fiel auf', 'aufgefallen', 3),
(4, 'piec', 'backen', 'buk/backte', 'gebacken', 3),
(5, 'rozkazać', 'befehlen', 'befahl', 'befohlen', 3),
(6, 'zaczynać', 'beginnen', 'begann', 'begonnen', 3),
(7, 'otrzymywać', 'bekommen', 'bekam', 'bekommen', 3),
(8, 'skręcać', 'biegen', 'bog', 'gebogen', 3),
(9, 'oferować', 'bieten', 'bot', 'geboten', 3),
(10, 'prosić', 'bitten', 'bat', 'gebeten', 3),
(11, 'pozostać', 'bleiben', 'blieb', 'geblieben', 3),
(12, 'Piec, smażyć', 'braten', 'briet', 'gebraten', 3),
(13, 'łamać', 'brechen', 'brach', 'gebrochen', 3),
(14, 'palić się', 'brennen', 'brannte', 'gebrannt', 3),
(15, 'przynosić', 'bringen', 'brachte', 'gebracht', 3),
(16, 'myśleć', 'denken', 'dachte', 'gedacht', 3),
(17, 'móc', 'dürfen', 'durfte', 'gedurft', 3),
(18, 'polecić', 'empfehlen', 'empfahl', 'empfohlen', 3),
(19, 'odczuwać, doznać', 'empfinden', 'empfand', 'empfunden', 3),
(20, 'decydować', 'entscheiden', 'entschied', 'entschieden', 3),
(21, 'przerazić', 'erschrecken', 'erschrak', 'erschrocken', 3),
(22, 'jeść', 'essen', 'aß', 'gegessen', 3),
(23, 'jechać', 'fahren', 'fuhr', 'gefahren', 3),
(24, 'upadać', 'fallen', 'fiel', 'gefallen', 3),
(25, 'łapać', 'fangen', 'fing', 'gefangen', 3),
(26, 'znaleźć', 'finden', 'fand', 'gefunden', 3),
(27, 'latać', 'fliegen', 'flog', 'geflogen', 3),
(28, 'uciekać', 'fliehen', 'floh', 'geflohen', 3),
(29, 'płynąć', 'fließen', 'floss', 'geflossen', 3),
(30, 'żreć', 'fressen', 'fraß', 'gefressen', 3),
(31, 'marznąć', 'frieren', 'fror', 'gefroren', 3),
(32, 'rodzić', 'gebaren', 'gebar', 'geboren', 3),
(33, 'dawać', 'geben', 'gab', 'gegeben', 3),
(34, 'iść', 'gehen', 'ging', 'gegangen', 3),
(35, 'udać się', 'gelingen', 'gelang', 'gelungen', 3),
(36, 'obowiązywać', 'gelten', 'galt', 'gegolten', 3),
(37, 'rozkoszować się', 'genießen', 'genoss', 'genossen', 3),
(38, 'wydarzyć się', 'geschehen', 'geschah', 'geschehen', 3),
(39, 'wygrać', 'gewinnen', 'gewann', 'gewonnen', 3),
(40, 'podlewać', 'gießen', 'goss', 'gegossen', 3),
(41, 'sięgać', 'greifen', 'griff', 'gegriffen', 3),
(42, 'mieć', 'haben', 'hatte', 'gehabt', 3),
(43, 'trzymać', 'halten', 'hielt', 'gehalten', 3),
(44, 'wisieć', 'hängen', 'hing', 'gehangen', 3),
(45, 'podnosić', 'heben', 'hob', 'gehoben', 3),
(46, 'nazywać', 'heißen', 'hieß', 'geheißen', 3),
(47, 'pomagać', 'helfen', 'half', 'geholfen', 3),
(48, 'znać', 'kennen', 'kannte', 'gekannt', 3),
(49, 'brzmieć', 'klingen', 'klang', 'geklungen', 3),
(50, 'przychodzić', 'kommen', 'kam', 'gekommen', 3),
(51, 'móc', 'können', 'konnte', 'gekonnt', 3),
(52, 'załadować', 'laden', 'lud', 'geladen', 3),
(53, 'pozwalać', 'lassen', 'ließ', 'gelassen', 3),
(54, 'biec', 'laufen', 'lief', 'gelaufen', 3),
(55, 'cierpieć', 'leiden', 'litt', 'gelitten', 3),
(56, 'pożyczać', 'leihen', 'lieh', 'geliehen', 3),
(57, 'czytać', 'lesen', 'las', 'gelesen', 3),
(58, 'leżeć', 'liegen', 'lag', 'gelegen', 3),
(59, 'kłamać', 'lügen', 'log', 'gelogen', 3),
(60, 'mierzyć', 'messen', 'maß', 'gemessen', 3),
(61, 'lubić', 'mögen', 'mochte', 'gemocht', 3),
(62, 'musieć', 'müssen', 'musste', 'gemusst', 3),
(63, 'rozmyślać', 'nachdenken', 'dachte nach', 'nachgedacht', 3),
(64, 'brać', 'nehmen', 'nahm', 'genommen', 3),
(65, 'nazywać', 'nennen', 'nannte', 'genannt', 3),
(66, 'gwizdać', 'pfeifen', 'pfiff', 'gepfiffen', 3),
(67, 'radzić', 'raten', 'riet', 'geraten', 3),
(68, 'rwać', 'reißen', 'riss', 'gerissen', 3),
(69, 'jeździć konno', 'reiten', 'ritt', 'geritten', 3),
(70, 'pędzić, biec', 'rennen', 'rannte', 'gerannt', 3),
(71, 'pachnieć', 'riechen', 'roch', 'gerochen', 3),
(72, 'wołać', 'rufen', 'rief', 'gerufen', 3),
(73, 'tworzyć', 'schaffen', 'schuf', 'geschaffen', 3),
(74, 'świecić, wydać się', 'scheinen', 'schien', 'geschienen', 3),
(75, 'pchać', 'schieben', 'schob', 'geschoben', 3),
(76, 'strzelać', 'schießen', 'schoss', 'geschossen', 3),
(77, 'spać', 'schlafen', 'schlief', 'geschlafen', 3),
(78, 'bić', 'schlagen', 'schlug', 'geschlagen', 3),
(79, 'zamykać', 'schließen', 'schloss', 'geschlossen', 3),
(80, 'wyrzucić, ciskać', 'schmeißen', 'schmiss', 'geschmissen', 3),
(81, 'kroić', 'schneiden', 'schnitt', 'geschnitten', 3),
(82, 'pisać', 'schreiben', 'schrieb', 'geschrieben', 3),
(83, 'krzyczeć', 'schreien', 'schrie', 'geschrien', 3),
(84, 'milczeć', 'schweigen', 'schwieg', 'geschwiegen', 3),
(85, 'pływać', 'schwimmen', 'schwamm', 'geschwommen', 3),
(86, 'widzieć', 'sehen', 'sah', 'gesehen', 3),
(87, 'być', 'sein', 'war', 'gewesen', 3),
(88, 'wysyłać', 'senden', 'sandte', 'gesandt', 3),
(89, 'śpiewać', 'singen', 'sang', 'gesungen', 3),
(90, 'opadać, tonąć', 'sinken', 'sank', 'gesunken', 3),
(91, 'siedzieć', 'sitzen', 'saß', 'gesessen', 3),
(92, 'mieć powinność', 'sollen', 'sollte', 'gesollt', 3),
(93, 'mówić', 'sprechen', 'sprach', 'gesprochen', 3),
(94, 'skakać', 'springen', 'sprang', 'gesprungen', 3),
(95, 'kłuć', 'stechen', 'stach', 'gestochen', 3),
(96, 'stać', 'stehen', 'stand', 'gestanden', 3),
(97, 'kraść', 'stehlen', 'stahl', 'gestohlen', 3),
(98, 'wchodzić, wspinać', 'steigen', 'stieg', 'gestiegen', 3),
(99, 'umierać', 'sterben', 'starb', 'gestorben', 3),
(100, 'śmierdzieć', 'stinken', 'stank', 'gestunken', 3),
(101, 'potrącić, uderzać', 'stoßen', 'stieß', 'gestoßen', 3),
(102, 'kłócić się', 'streiten', 'stritt', 'gestritten', 3),
(103, 'uczestniczyć', 'teilnehmen', 'nahm teil', 'teilgenommen', 3),
(104, 'nosić', 'tragen', 'trug', 'getragen', 3),
(105, 'spotykać', 'treffen', 'traf', 'getroffen', 3),
(106, 'wchodzić', 'treten', 'trat', 'getreten', 3),
(107, 'pić', 'trinken', 'trank', 'getrunken', 3),
(108, 'oszukiwać', 'trugen', 'trog', 'getrogen', 3),
(109, 'czynić, robić', 'tun', 'tat', 'getan', 3),
(110, 'spędzać', 'verbringen', 'verbrachte', 'verbracht', 3),
(111, 'zapominać', 'vergessen', 'vergaß', 'vergessen', 3),
(112, 'tracić, gubić', 'verlieren', 'verlor', 'verloren', 3),
(113, 'stopić', 'verschmelzen', 'verschmolz', 'verschmolzen', 3),
(114, 'obiecywać', 'versprechen', 'versprach', 'versprochen', 3),
(115, 'wybaczyć', 'verzeihen', 'verzieh', 'verziehen', 3),
(116, 'rosnąć', 'wachsen', 'wuchs', 'gewachsen', 3),
(117, 'prać, myć', 'waschen', 'wusch', 'gewaschen', 3),
(118, 'wyrzucać', 'wegwerfen', 'warf weg', 'weggeworfen', 3),
(119, 'zwracać się', 'wenden', 'wandte', 'gewandt', 3),
(120, 'reklamować', 'werben', 'warb', 'geworben', 3),
(121, 'stawać się, zostawać', 'werden', 'wurde', 'geworden', 3),
(122, 'rzucać', 'werfen', 'warf', 'geworfen', 3),
(123, 'ważyć', 'wiegen', 'wog', 'gewogen', 3),
(124, 'wiedzieć', 'wissen', 'wusste', 'gewusst', 3),
(125, 'chcieć', 'wollen', 'wollte', 'gewollt', 3),
(126, 'ciągnąć', 'ziehen', 'zog', 'gezogen', 3),
(127, 'zmuszać', 'zwingen', 'zwang', 'gezwungen', 3),
(128, 'kurs językowy', 'Der Sprachkurs', NULL, NULL, 2),
(129, 'na kurs językowy', 'zum Sprachkurs', NULL, NULL, 2),
(130, 'jezioro ', 'der See', NULL, NULL, 2),
(131, 'morze+', 'die See', NULL, NULL, 2),
(132, 'morze ', 'das Meer', NULL, NULL, 2),
(133, 'góry', 'das Gebirge', NULL, NULL, 2),
(134, 'granica ', 'das Ausland', NULL, NULL, 2),
(135, 'wieś ', 'das Land', NULL, NULL, 2),
(136, 'obóz wakacyjny ', 'das Ferienlager ', NULL, NULL, 2),
(137, 'obóz sportowy ', 'das Sportlager', NULL, NULL, 2),
(138, 'dziadkowie ', 'die Großeltern', NULL, NULL, 2),
(139, 'Wyspy Kanaryjskie                                                          ', 'die Kanarischen Inseln', NULL, NULL, 2),
(140, 'góry', 'die Berge', NULL, NULL, 2),
(141, 'nad jezioro ', 'an den See', NULL, NULL, 2),
(142, 'nad morze+', 'an die See', NULL, NULL, 2),
(143, 'nad morze ', 'ans Meer', NULL, NULL, 2),
(144, 'w góry   ', 'ins Gebirge', NULL, NULL, 2),
(145, 'za granicę ', 'ins Ausland', NULL, NULL, 2),
(146, 'na wieś ', 'aufs Land', NULL, NULL, 2),
(147, 'na obóz wakacyjny ', 'ins Ferienlager', NULL, NULL, 2),
(148, 'na obóz sportowy ', 'ins Sportlager', NULL, NULL, 2),
(149, 'do dziadków ', 'zu den Großeltern', NULL, NULL, 2),
(150, 'na Wyspy Kanaryjskie ', 'auf die Kanarischen Inseln', NULL, NULL, 2),
(151, 'w góry', 'in die Berge', NULL, NULL, 2),
(152, 'leżeć na plaży ', 'am Strand liegen', NULL, NULL, 2),
(153, 'opalać się ', 'sich sonnen', NULL, NULL, 2),
(154, 'kąpać się', 'baden', NULL, NULL, 2),
(155, 'wędrować ', 'wandern', NULL, NULL, 2),
(156, 'biwakować ', 'zelten', NULL, NULL, 2),
(157, 'jeździć na nartach ', 'Ski/Schi fahren', NULL, NULL, 2),
(158, 'wspinać się', 'klettern', NULL, NULL, 2),
(159, 'pływać ', 'schwimmen', NULL, NULL, 2),
(160, 'chodzić na spacery ', 'spazieren gehen', NULL, NULL, 2),
(161, 'żeglować ', 'segeln', NULL, NULL, 2),
(162, 'uczyć się języka ', 'eine Sprache lernen', NULL, NULL, 2),
(163, 'mieć zajęcia ', 'Unterricht haben', NULL, NULL, 2),
(164, 'poznawać ludzi', 'Leute kennen lernen', NULL, NULL, 2),
(165, 'oglądać zabytki, pomniki ', 'sich Denkmäler ansehen', NULL, NULL, 2),
(166, 'zwiedzać miasto (autokarem)', 'eine Stadtrundfahrt machen', NULL, NULL, 2),
(167, 'odwiedzać muzea', 'Museen besuchen', NULL, NULL, 2),
(168, 'chodzić na basen', 'ins Schwimmbad gehen', NULL, NULL, 2),
(169, 'grać w komputerze ', 'Computer spielen', NULL, NULL, 2),
(170, 'zwiedzać miasto', 'eine Stadt besichtigen', NULL, NULL, 2),
(171, 'leniuchować', 'faulenzen', NULL, NULL, 2),
(172, 'robić wycieczki', 'Ausflüge machen', NULL, NULL, 2),
(173, 'spotykać się z kolegami ze szkoły', 'Schulfreunde treffen', NULL, NULL, 2),
(174, 'Dokąd?', 'Wohin?', NULL, NULL, 2),
(175, 'Czym jedziesz?', 'Womit fährst du?', NULL, NULL, 2),
(176, 'Pojazd ', 'Das Fahrzeug', NULL, NULL, 2),
(177, 'pociąg               ', 'der Zug', NULL, NULL, 2),
(178, 'pociąg InterCity   ', 'der ICE', NULL, NULL, 2),
(179, 'samochód ', 'der Wagen', NULL, NULL, 2),
(180, 'ciężarówka   ', 'der Lastwagen', NULL, NULL, 2),
(181, 'autobus ', 'der Bus', NULL, NULL, 2),
(182, 'tramwaj ', 'die Straßenbahn', NULL, NULL, 2),
(183, 'metro ', 'die U-Bahn', NULL, NULL, 2),
(184, 'szybka kolej ', 'die S-Bahn', NULL, NULL, 2),
(185, 'samolot ', 'das Flugzeug', NULL, NULL, 2),
(186, 'auto ', 'das Auto', NULL, NULL, 2),
(187, 'statek ', 'das Schiff', NULL, NULL, 2),
(188, 'taxówka ', 'das Taxi', NULL, NULL, 2),
(189, 'motocykl ', 'das Motorrad', NULL, NULL, 2),
(190, 'rower', 'das Fahrrad', NULL, NULL, 2),
(191, 'pociągiem ', 'mit dem Zug', NULL, NULL, 2),
(192, 'pociągiem InterCity ', 'mit dem ICE', NULL, NULL, 2),
(193, 'samochodem ', 'mit dem Wagen', NULL, NULL, 2),
(194, 'cieżarówką ', 'mit dem Lastwagen', NULL, NULL, 2),
(195, 'autobusem ', 'mit dem Bus', NULL, NULL, 2),
(196, 'tramwajem ', 'mit der Straßenbahn', NULL, NULL, 2),
(197, 'metrem ', 'mit der U-Bahn', NULL, NULL, 2),
(198, 'szybką koleją ', 'mit der S-Bahn', NULL, NULL, 2),
(199, 'samolotem ', 'mit dem Flugzeug', NULL, NULL, 2),
(200, 'autem ', 'mit dem Auto', NULL, NULL, 2),
(201, 'statkiem ', 'mit dem Schiff', NULL, NULL, 2),
(202, 'taxówką ', 'mit dem Taxi', NULL, NULL, 2),
(203, 'motocyklem ', 'mit dem Motorrad', NULL, NULL, 2),
(204, 'rowerem', 'mit dem Fahrrad', NULL, NULL, 2),
(205, 'prosto ', 'geradeaus', NULL, NULL, 2),
(206, 'w lewo ', 'links', NULL, NULL, 2),
(207, 'w prawo ', 'rechts', NULL, NULL, 2),
(208, 'pierwsza ulica w lewo ', 'die erste Straße links', NULL, NULL, 2),
(209, 'pierwsza ulica w prawo ', 'die erste Straße rechts', NULL, NULL, 2),
(210, 'przez ulicę ', 'über die Straße', NULL, NULL, 2),
(211, 'wzdłuż ulicy ', 'die Straße entlang', NULL, NULL, 2),
(212, 'do skrzyżowania ', 'bis zur Kreuzung', NULL, NULL, 2),
(213, 'przez rynek ', 'über den Marktplatz', NULL, NULL, 2),
(214, 'przez miejski park ', 'durch den Stadtpark', NULL, NULL, 2),
(215, 'na sygnalizacji w lewo ', 'an der Ampel links', NULL, NULL, 2),
(216, 'naprzeciwko ', 'gegenüber', NULL, NULL, 2),
(217, 'koło ratusza ', 'am Rathaus vorbei', NULL, NULL, 2),
(218, 'ale ', 'Aber', NULL, NULL, 2),
(219, 'ale potem, ale po ', 'Aber nach', NULL, NULL, 2),
(220, 'zabobon', 'Aberglaube', NULL, NULL, 2),
(221, 'odrzucić', 'Ablehnen', NULL, NULL, 2),
(222, 'wszystko zapomnieć', 'Alles vergessen', NULL, NULL, 2),
(223, 'na początku ', 'Am anfang', NULL, NULL, 2),
(224, 'przestraszony ', 'Angst gekriegt', NULL, NULL, 2),
(225, 'strach przezwyciężyć', 'Angst überwunden', NULL, NULL, 2),
(226, 'regulować', 'Anpassen', NULL, NULL, 2),
(227, 'patrzeć', 'Anschauen', NULL, NULL, 2),
(228, 'oddychać', 'Atmen', NULL, NULL, 2),
(229, 'wziąć głęboki oddech ', 'Atmete tief durch', NULL, NULL, 2),
(230, 'na parapecie ', 'Auf dem fensterbrett', NULL, NULL, 2),
(231, 'wstać ', 'Aufstehen', NULL, NULL, 2),
(232, 'wkrótce mieć dzieci', 'Bald Kinder bekommen', NULL, NULL, 2),
(233, 'zaczęła płakać', 'Begann zu weinen', NULL, NULL, 2),
(234, 'zacząć 2 określenia ', 'Beginnen/anfangen', NULL, NULL, 2),
(235, 'dostała trojkę', 'Bekam eine drei', NULL, NULL, 2),
(236, 'ulubione/ popularne kategorie', 'Belibte Kategorien', NULL, NULL, 2),
(237, 'nie żałować', 'Bereuen nicht', NULL, NULL, 2),
(238, 'szczególnie ', 'Besonders', NULL, NULL, 2),
(239, 'zdać, istnieć ,składać  się z', 'Bestehen', NULL, NULL, 2),
(240, 'następnie moc ', 'Dann können', NULL, NULL, 2),
(241, 'budzik dzwoni głośno', 'der Wecker läutet laut', NULL, NULL, 2),
(242, 'przez szybę', 'Durch die Scheibe', NULL, NULL, 2),
(243, 'własne dziecko', 'Eigenen Kidern', NULL, NULL, 2),
(244, 'trochę 3 określenia', 'Ein bisschen/ kaum/ etwas', NULL, NULL, 2),
(245, 'spotkanie we dwoje', 'Ein treffen mit zweien', NULL, NULL, 2),
(246, 'łatwe, proste ', 'Einfach/leicht', NULL, NULL, 2),
(247, 'zapraszać', 'Einladen', NULL, NULL, 2),
(248, 'w końcu 2 określenia', 'Endlich/ schließlich', NULL, NULL, 2),
(249, 'zmęczony, wyczerpany', 'Erschöpft/ müde', NULL, NULL, 2),
(250, 'oczekiwać, spodziewać się ', 'Erwarten', NULL, NULL, 2),
(251, 'opowieść, historia', 'Erzählungen', NULL, NULL, 2),
(252, 'swietować swoje przybycie ', 'Feierst deinem einzug', NULL, NULL, 2),
(253, 'pytanie', 'Frage', NULL, NULL, 2),
(254, 'wolny, swobodny ', 'Freie', NULL, NULL, 2),
(255, 'czuć się ', 'Fühlen sich', NULL, NULL, 2),
(256, 'uczucia ', 'Gefühle', NULL, NULL, 2),
(257, 'Wszystko z Toba ok? ', 'Geht es dir gut?', NULL, NULL, 2),
(258, 'naczynia', 'Geschirr', NULL, NULL, 2),
(259, 'społeczeństwo na całym świecie', 'Gesellschaft weltweit', NULL, NULL, 2),
(260, 'twarz była biała jak śnieg ', 'Gesicht war weiß wie schnee', NULL, NULL, 2),
(261, 'gospodarstwo domowe', 'Haushalt', NULL, NULL, 2),
(262, 'powiem/opowiem o tym ', 'Ich werde erzählen davon', NULL, NULL, 2),
(263, 'czasami ', 'Irgendwann', NULL, NULL, 2),
(264, 'odkryć teraz', 'Jetzt entdecken', NULL, NULL, 2),
(265, 'żadnego pojęcia/nie mieć pojęcia', 'Keine ahnung', NULL, NULL, 2),
(266, 'możemy ustalić termin, umówić sie ', 'Konnen wir einen Termin vereinbaren', NULL, NULL, 2),
(267, 'lodówka', 'Kühl', NULL, NULL, 2),
(268, 'zamrażarki', 'Gefrieren', NULL, NULL, 2),
(269, 'lezeć', 'Liegen', NULL, NULL, 2),
(270, 'nagrodzić\\ wartość', 'Lohnen', NULL, NULL, 2),
(271, 'to jest tego warte', 'Lohnt sich', NULL, NULL, 2),
(272, 'kłamstwo', 'Lüge', NULL, NULL, 2),
(273, 'przyjść/odwiedzić ', 'Mal besuchen kommen', NULL, NULL, 2),
(274, 'centrum / środek', 'Mittelpunkt', NULL, NULL, 2),
(275, 'tylko/ po prostu skinąć', 'Nur nicken', NULL, NULL, 2),
(276, 'mieć pause ', 'Pause machen', NULL, NULL, 2),
(277, 'perfekcyjny kamuflaż', 'Perfekten Tarnung', NULL, NULL, 2),
(278, 'strach przed egzaminem', 'Prüfungsangst', NULL, NULL, 2),
(279, 'sala egzaminacyjna ', 'Prüfungsraum', NULL, NULL, 2),
(280, 'powiedzieć', 'Sagen', NULL, NULL, 2),
(281, 'bezsenna noc z nowonarodzonym', 'schlaflose nachte mit neugebore', NULL, NULL, 2),
(282, 'zeskoczyć', 'Springt runter', NULL, NULL, 2),
(283, 'zmywarka do naczyń', 'Spülmaschinen/ Geschirrspüler', NULL, NULL, 2),
(284, 'przebudzony', 'Ungefährt Wach', NULL, NULL, 2),
(285, 'nasza decyzja ', 'Unsere entscheidung', NULL, NULL, 2),
(286, 'próbować pomóc', 'Versuchten zu helfen', NULL, NULL, 2),
(287, 'kilka miesięcy temu', 'Vor wenigen monaten', NULL, NULL, 2),
(288, 'proponować', 'Vorschlagen', NULL, NULL, 2),
(289, 'wiedzieć', 'Wissen', NULL, NULL, 2),
(290, 'cale ciało sie trzęsło/ drżało ', 'Zitterte am ganzen körper', NULL, NULL, 2),
(291, 'słuchać', 'Zu hören', NULL, NULL, 2),
(292, 'obecnie', 'Zurzeit', NULL, NULL, 2),
(293, 'zgadzać się', 'Zustimmen', NULL, NULL, 2),
(294, 'To nie jest daleko stąd', 'Das ist nicht weit von hier', NULL, NULL, 2),
(295, 'za światłami  ', 'Hinter der Ampel', NULL, NULL, 2),
(296, 'przystanek ', 'die Haltestelle', NULL, NULL, 2),
(297, 'Gdzie jest następny przystanek?', 'Wo ist die nächste Haltestelle?', NULL, NULL, 2),
(298, 'dworzec kolejowy ', 'der Bahnhof', NULL, NULL, 2),
(299, 'wycieczka', 'der Ausflug', NULL, NULL, 2),
(300, 'podróżować', 'reisen', NULL, NULL, 2),
(301, 'odbyć podróż', 'eine Reise machen', NULL, NULL, 2),
(302, 'spóźnić się na pociąg', 'den Zug verpassen', NULL, NULL, 2),
(303, 'Może mi Pani pokazać to na mapie? ', 'Können Sie mir das auf der Karte zeigen?', NULL, NULL, 2),
(304, 'To jest zaraz za rogiem. ', 'Es ist gleich um die Ecke', NULL, NULL, 2),
(305, 'Jak długo trwa podróż?', 'Wie lange dauert die Reise?', NULL, NULL, 2),
(306, 'jak daleko to jest?', 'Wie weit ist das?', NULL, NULL, 2),
(307, 'Kiedy odjeżdża pociąg? ', 'Wann fährt der Zug ab?', NULL, NULL, 2),
(308, 'Jutro rano wyjeżdzam.', 'Ich reise morgen früh ab', NULL, NULL, 2),
(309, 'na skrzyżowaniu', 'an der Kreuzung', NULL, NULL, 2),
(310, 'przed', 'vor', NULL, NULL, 2),
(311, 'po', 'nach', NULL, NULL, 2),
(312, 'za ', 'hinter', NULL, NULL, 2),
(313, 'obok', 'neben', NULL, NULL, 2),
(314, 'w pobliżu ', 'in der Nähe', NULL, NULL, 2),
(315, 'daleko ', 'weit', NULL, NULL, 2),
(316, 'na przeciwko', 'gegenüber', NULL, NULL, 2),
(317, 'Około 20 Minut piechotą', 'Ungefähr 20 Minuten zu Fuß', NULL, NULL, 2),
(318, 'droga ', 'der Weg', NULL, NULL, 2),
(319, 'Przyjazd', 'die Anreise/Anfahrt/ankunft', NULL, NULL, 2),
(320, 'Wyjazd', 'die Abreise/ausfahrt', NULL, NULL, 2),
(321, 'przygotowania do podróży', 'Reisevorbereitung', NULL, NULL, 2),
(322, 'przygotowywać się do podróży', 'sich auf die Reise vorbereiten', NULL, NULL, 2),
(323, 'rezerwować podróż w biurze podróży', 'eine Reise im Reisebüro buchen', NULL, NULL, 2),
(324, 'rezerwować podróż przez Internet', 'eien Reise per Internet reservieren', NULL, NULL, 2),
(325, 'zmieniać rezerwację, przebudowywać', 'Umbuchen', NULL, NULL, 2),
(326, 'Rezerwacja 2 określenia', 'die Buchung/Reservierung', NULL, NULL, 2),
(327, 'potwierdzać rezerwację', 'die Reservierung bestätigen', NULL, NULL, 2),
(328, 'dać zaliczkę', 'eine Anzahlung machen', NULL, NULL, 2),
(329, 'sporządzać plan podróży', 'einen Reiseplan aufstellen', NULL, NULL, 2),
(330, 'planować podróż', 'eine Reise planen', NULL, NULL, 2),
(331, 'kupować bilety', 'Fahrkarte kaufen', NULL, NULL, 2),
(332, 'załatwiać bilety', 'Fahrkarte besorgen', NULL, NULL, 2),
(333, 'składać wniosek o paszport', 'den Pass beantragen', NULL, NULL, 2),
(334, 'składać wniosek o wizę', 'das Visum beantragen', NULL, NULL, 2),
(335, '(kazać) przedłużyć wizę', 'das Visum verlängern lassen', NULL, NULL, 2),
(336, 'wymieniać(2) pieniądze przed podróżą', 'vor der Reise Geld umtauschen/wechseln', NULL, NULL, 2),
(337, 'wymieniać złotówki na euro', 'Zloty in Euro umtauschen', NULL, NULL, 2),
(338, 'denerwować się przed podróżą', 'Reisefieber haben', NULL, NULL, 2),
(339, 'Bagaż', 'das Gepäck', NULL, NULL, 2),
(340, 'Plecak', 'der Rucksack', NULL, NULL, 2),
(341, 'torba podróżna', 'die Reisetasche', NULL, NULL, 2),
(342, 'Walizka', 'der Koffer', NULL, NULL, 2),
(343, 'pakować walizki', 'die Koffer packen', NULL, NULL, 2),
(344, 'bagaż podręczny', 'das Handgepäck', NULL, NULL, 2),
(345, 'Zapakować', 'Einpacken', NULL, NULL, 2),
(346, 'Rozpakować', 'Auspacken', NULL, NULL, 2),
(347, 'trasa podróży', 'die Reiseroute', NULL, NULL, 2),
(348, 'zaświadczenie o szczepieniu', 'der Impfausweis', NULL, NULL, 2),
(349, 'katalog biura podróży', 'Reisekatalog', NULL, NULL, 2),
(350, 'okres przed sezonem', 'die Vorsaison', NULL, NULL, 2),
(351, 'okres po sezonie', 'die Nachsaison', NULL, NULL, 2),
(352, 'oferta wycieczki last- minute', 'die Last-Minute Reise', NULL, NULL, 2),
(353, 'odwoływać', 'Stornieren', NULL, NULL, 2),
(354, 'realizować czek podróżny', 'einen Reisescheck realisieren/ einlösen', NULL, NULL, 2),
(355, 'Słabo mówię po niemiecku', 'Ich spreche kaum Deutsch', NULL, NULL, 2),
(356, 'Nie rozumiem', 'Ich verstehe nicht', NULL, NULL, 2),
(357, 'Czy mógłby Pan /mogłaby Pani powtórzyć?', 'Könnten Sie bitte wiederholen?', NULL, NULL, 2),
(358, 'Czy mógłby Pan/ mogłaby Pani to zapisać?', 'Könnten Sie das bitte aufschreiben?', NULL, NULL, 2),
(359, 'Proszę mówić wolniej/głośniej', 'Sprechen Sie bitte langsamer/lauter', NULL, NULL, 2),
(360, 'Czy mówi Pan/Pani po niemiecku/polsku?', 'Sprechen Sie Deutsch/Polnisch?', NULL, NULL, 2),
(361, 'Przepraszam. Przykro mi.', 'Verzeihung. Es tut mir leid', NULL, NULL, 2),
(362, 'Pracuję jako', 'Ich arbeite als', NULL, NULL, 2),
(363, 'Zakwaterowanie', 'Unterkunft', NULL, NULL, 2),
(364, 'Kemping', 'Das Camping', NULL, NULL, 2),
(365, 'Pokój dwuosobowy', 'Das Doppelzimmer', NULL, NULL, 2),
(366, 'Pokój jednoosobowy', 'Das Einzelzimmer', NULL, NULL, 2),
(367, 'Hotel', 'Das Hotel', NULL, NULL, 2),
(368, 'Schronisko', 'Die Herberge/Tierheim', NULL, NULL, 2),
(369, 'Nie ma ciepłej wody', 'Es gibt kein warmes Wasser', NULL, NULL, 2),
(370, 'Czy macie Państwo wolne pokoje?', 'Haben Sie freie Zimmer?', NULL, NULL, 2),
(371, 'Mam rezerwację na nazwisko', 'Ich habe eine Reservierung auf den Namen', NULL, NULL, 2),
(372, 'Z łazienką', 'Mit bad', NULL, NULL, 2),
(373, 'Z klimatyzacją', 'Mit Klimaanlage', NULL, NULL, 2),
(374, 'Środki transportu ', 'Transportmittel', NULL, NULL, 2),
(375, 'Samochód', 'Das Auto/der Wagen', NULL, NULL, 2),
(376, 'Na lotnisku', 'Am Flughafen', NULL, NULL, 2),
(377, 'na dworcu', 'Am bahnhof', NULL, NULL, 2),
(378, 'Odwołany', 'Annulliert', NULL, NULL, 2),
(379, 'Bagaż', 'Das Gepäck', NULL, NULL, 2),
(380, 'Odjazd', 'Der Abfahrt', NULL, NULL, 2),
(381, 'Odlot', 'Der Abflug', NULL, NULL, 2),
(382, 'Wypożyczalnia samochodów', 'Der Autoverleih', NULL, NULL, 2),
(383, 'Dworzec kolejowy', 'Der Bahnhof', NULL, NULL, 2),
(384, 'Peron', 'Der Bahnsteig', NULL, NULL, 2),
(385, 'Dworzec autobusowy', 'Der Busbahnhof', NULL, NULL, 2),
(386, 'Lotnisko', 'Der Flughafen', NULL, NULL, 2),
(387, 'Paszport', 'Der Pass', NULL, NULL, 2),
(388, 'Przyjazd/przylot', 'Die Ankunft', NULL, NULL, 2),
(389, 'Przystanek autobusowy', 'Die Bushaltestelle', NULL, NULL, 2),
(390, 'Bilet', 'Die Fahrkarte', NULL, NULL, 2),
(391, 'Przechowalnia bagażu', 'Die Gepäckaufbewahrung', NULL, NULL, 2),
(392, 'bilet w jedną stronę (2)', 'Die Hinfahrkarte/einfache Fahrkarte', NULL, NULL, 2),
(393, 'Informacja', 'Die Information', NULL, NULL, 2),
(394, 'Miejscówka', 'Die Platzkarte', NULL, NULL, 2),
(395, 'Bilet powrotny', 'Die Rückfahrkarte', NULL, NULL, 2),
(396, 'jeden bilet do... poproszę', 'Eine Fahrkarte nach... bitte', NULL, NULL, 2),
(397, 'Bilet w obie strony', 'Fahrkarte hin und zurück', NULL, NULL, 2),
(398, 'Są autobusy do miasta?', 'Gibt es Busse in die Stadt?', NULL, NULL, 2),
(399, 'Nie ma wolnych miejsc', 'Keine freien Plätze', NULL, NULL, 2),
(400, 'Ile kosztuje bilet do?', 'Wie viel kostet die Fahrkarte nach?', NULL, NULL, 2),
(401, 'Gdzie można kupić bilety?', 'Wo kann man die Fahrkarten kaufen?', NULL, NULL, 2),
(402, 'Opóźniony', 'Verspätet', NULL, NULL, 2),
(403, 'sklep (3)', 'Laden/Geschäft/kaufhaus', NULL, NULL, 2),
(404, 'Tani(2)', 'Billig/preiswert', NULL, NULL, 2),
(405, 'Centrum handlowe', 'Das Einkaufszentrum', NULL, NULL, 2),
(406, 'Sklep', 'Das Geschäft', NULL, NULL, 2),
(407, 'Sklep spożywczy', 'Das Lebensmittelgeschäft', NULL, NULL, 2),
(408, 'Klient', 'Der Kunde', NULL, NULL, 2),
(409, 'cena', 'Der Preis', NULL, NULL, 2),
(410, 'Supermarket', 'Der Supermarkt', NULL, NULL, 2),
(411, 'Sprzedawca', 'Der Verkäufer', NULL, NULL, 2),
(412, 'Księgarnia', 'Die Buchhandlung', NULL, NULL, 2),
(413, 'Robić zakupy (2)', 'Einkaufen/Einkäufe machen', NULL, NULL, 2),
(414, 'Otwarte', 'Geöffnet', NULL, NULL, 2),
(415, 'Zamknięte', 'Geschlossen', NULL, NULL, 2),
(416, 'Chciałbym/Chciałabym to zwrócić', 'Ich möchte das zurückgeben', NULL, NULL, 2),
(417, 'Iść do sklepu', 'Ins Geschäft gehen', NULL, NULL, 2),
(418, 'Czy mogę dostać reklamówkę?', 'Kann ich eine Einkaufstüte bekommen?', NULL, NULL, 2),
(419, 'Czy mogę to przymierzyć?', 'Kann ich das anprobieren?', NULL, NULL, 2),
(420, 'Czy mogę zapłacić kartą płatniczą/kredytową/gotówką?', 'Kann ich mit Zahlungskarte/Kreditkarte/bar bezahlen?', NULL, NULL, 2),
(421, 'Kupować', 'Kaufen', NULL, NULL, 2),
(422, 'Drogi', 'Teuer', NULL, NULL, 2),
(423, 'Ile to kosztuje?', 'Wie viel kostet das?', NULL, NULL, 2),
(424, 'Gdzie jest przebieralnia?', 'Wo ist die Umkleidekabinen?', NULL, NULL, 2),
(425, 'Sprzedawać', 'Verkaufen', NULL, NULL, 2),
(426, 'Płacić(2)', 'Zahlen/bezahlen', NULL, NULL, 2),
(427, 'nach dem Weg fragen', 'Pytać o drogę', NULL, NULL, 2),
(428, 'Przepraszam, jak dojdę do?', 'Entschuldigung, wie komme ich?', NULL, NULL, 2),
(429, 'iść prosto', 'Geradeaus gehen', NULL, NULL, 2),
(430, 'Za światłami', 'Hinter der Ampel', NULL, NULL, 2),
(431, 'Czy to daleko stąd?', 'Ist das weit von hier?', NULL, NULL, 2),
(432, 'Czy może Pan/Pani pokazać mi to na mapie?', 'Können Sie mir das auf der Karte zeigen?', NULL, NULL, 2),
(433, 'Czy mógłby mi Pan pomóc?', 'Können Sie mir helfen?', NULL, NULL, 2),
(434, 'Zawrócić', 'Umkehren', NULL, NULL, 2),
(435, 'Gdzie jest najbliższy..?', 'Wo ist der nächste?', NULL, NULL, 2),
(436, 'im Restaurant', 'W restauracji', NULL, NULL, 2),
(437, 'Piwo', 'Das Bier', NULL, NULL, 2),
(438, 'Warzywa', 'Das Gemüse', NULL, NULL, 2),
(439, 'Kurczak', 'Das Hähnchen', NULL, NULL, 2),
(440, 'To nie moje danie', 'Das ist nicht mein Essen', NULL, NULL, 2),
(441, 'Nóż', 'Das Messer', NULL, NULL, 2),
(442, 'Wołowina', 'Das Rindfleisch', NULL, NULL, 2),
(443, 'Sól', 'Das Salz', NULL, NULL, 2),
(444, 'Wieprzowina', 'Das Schweinefleisch', NULL, NULL, 2),
(445, 'Napiwek', 'Das Trinkgeld', NULL, NULL, 2),
(446, 'Kawa', 'Der Kaffee', NULL, NULL, 2),
(447, 'Łyżka', 'Der Löffel', NULL, NULL, 2),
(448, 'Pieprz', 'Der Pfeffer', NULL, NULL, 2),
(449, 'Ryż', 'Der Reis', NULL, NULL, 2),
(450, 'Sok', 'Der Saft', NULL, NULL, 2),
(451, 'Herbata', 'Der Tee', NULL, NULL, 2),
(452, 'Talerz', 'Der Teller', NULL, NULL, 2),
(453, 'Indyk', 'Der Truthahn', NULL, NULL, 2),
(454, 'Wino', 'Der Wein', NULL, NULL, 2),
(455, 'Wódka', 'Der Wodka', NULL, NULL, 2),
(456, 'Cukier', 'Der Zucker', NULL, NULL, 2),
(457, 'Widelec', 'Die Gabel', NULL, NULL, 2),
(458, 'Ziemniaki', 'Die Kartoffeln', NULL, NULL, 2),
(459, 'Makaron', 'Die Nudeln', NULL, NULL, 2),
(460, 'Poproszę o rachunek', 'Die Rechnung, bitte', NULL, NULL, 2),
(461, 'Poproszę o menu', 'Die Speisekarte, bitte', NULL, NULL, 2),
(462, 'Zupa', 'Die Suppe', NULL, NULL, 2),
(463, 'Specjalność narodowa', 'Eine Spezialität des Landes', NULL, NULL, 2),
(464, 'Stolik dla dwóch/trzech osób', 'Ein Tisch für zwei/drei Personen', NULL, NULL, 2),
(465, 'Smacznego!', 'Guten Appetit!', NULL, NULL, 2),
(466, 'Kawa z mlekiem', 'Kaffee mit Milch', NULL, NULL, 2),
(467, 'Woda mineralna gazowana', 'Mineralwasser mit Kohlensäure', NULL, NULL, 2),
(468, 'Woda niegazowana', 'Mineralwasser ohne Kohlensäure', NULL, NULL, 2),
(469, 'Frytki', 'Pommes frites', NULL, NULL, 2),
(470, 'Na zdrowie! (toast)', 'Prost!', NULL, NULL, 2),
(471, 'Gdzie mogę tanio zjeść?', 'Wo kann ich billig essen?', NULL, NULL, 2),
(472, 'Zdrowie, wypadki losowe', 'Gesundheit Und Zufälliges Ereignis', NULL, NULL, 2),
(473, 'Uwaga!', 'Achtung!/Vorsicht!', NULL, NULL, 2),
(474, 'Szpital', 'Das Krankenhaus', NULL, NULL, 2),
(475, 'Apteka', 'Die Apotheke', NULL, NULL, 2),
(476, 'Dostać wysypki na skórze', 'Einen Ausschlag an der Haut bekommen', NULL, NULL, 2),
(477, 'Być uczulonym na antybiotyki', 'Gegen Antibiotik allergisch sein', NULL, NULL, 2),
(478, 'Na pomoc!', 'Hilfe!', NULL, NULL, 2),
(479, 'Jestem chory', 'Ich bin krank', NULL, NULL, 2),
(480, 'Potrzebuję lekarza', 'Ich brauche einen Arzt', NULL, NULL, 2),
(481, 'Mam gorączkę', 'Ich habe Fieber', NULL, NULL, 2),
(482, 'Boli mnie żołądek', 'Ich habe Magenschmerzen', NULL, NULL, 2),
(483, 'Zgubiłem się', 'Ich habe mich verlaufen', NULL, NULL, 2),
(484, 'Muszę iść do lekarza', 'Ich muss zum Arzt gehen', NULL, NULL, 2),
(485, 'katar', 'Schnupfen', NULL, NULL, 2),
(486, 'Napadnięto na mnie', 'Ich wurde überfallen ', NULL, NULL, 2),
(487, 'Skradziono mi dokumenty', 'Meine Papiere wurden gestohlen', NULL, NULL, 2),
(488, 'Proszę wezwać policję!', 'Rufen Sie die Polizei an!', NULL, NULL, 2),
(489, 'Proszę wezwać lekarza', 'Rufen Sie einen Arzt an!', NULL, NULL, 2),
(490, 'Zabłądzić(2)', 'Sich verirren/ sich verfahren', NULL, NULL, 2),
(491, 'Być ciężko przeziębionym', 'Stark erkältet sein', NULL, NULL, 2),
(492, 'Cierpieć na silne bóle', 'Unter starken Schmerzen leiden', NULL, NULL, 2),
(493, 'Gdzie się znajduje…?', 'Wo befindet sich…?', NULL, NULL, 2),
(494, 'Gdzie mogę znaleźć lekarza?', 'Wo finde ich einen Arzt?', NULL, NULL, 2),
(495, 'Gdzie jest najbliższy komisariat policji?', 'Wo ist das nächste Polizeirevier?', NULL, NULL, 2),
(496, 'dział', 'die Abteilung', NULL, NULL, 2),
(497, 'kolega z pracy', 'Der Kollege', NULL, NULL, 2),
(498, 'zawód', 'der Beruf', NULL, NULL, 2),
(499, 'wykształcenie zawodowe', 'die Ausbildung', NULL, NULL, 2),
(500, 'praktyka', 'das Praktikum', NULL, NULL, 2),
(501, 'studia', 'das Studium', NULL, NULL, 2),
(502, 'praca', 'die Arbeit', NULL, NULL, 2),
(503, 'bezrobotny', 'arbeitslos', NULL, NULL, 2),
(504, 'czas pracy', 'die Arbeitszeit', NULL, NULL, 2),
(505, 'Co studiowałeś?', 'Was hast du studiert?', NULL, NULL, 2),
(506, 'Czym zajmujesz się zawodowo? ', 'Was machst du von Beruf?', NULL, NULL, 2),
(507, 'Jakie są godziny pracy. ', 'Wie sind deine Arbeiszeiten?', NULL, NULL, 2),
(508, 'Pracuję od 8 do 16', 'Ich arbeite von 8:00 bis 16:00 Uhr', NULL, NULL, 2),
(509, 'Pracuję jako pracownik biurowy. ', 'Ich arbeite als Büroangestellte', NULL, NULL, 2),
(510, 'Opis domu', 'Hausbeschreibung', NULL, NULL, 2),
(511, 'adres', 'die Adresse', NULL, NULL, 2),
(512, 'balkon ', 'der Balkon', NULL, NULL, 2),
(513, 'numer domu ', 'die Hausnummer', NULL, NULL, 2),
(514, 'mieszkanie ', 'die Wohnung', NULL, NULL, 2),
(515, 'sypialnia ', 'das Schlafzimmer', NULL, NULL, 2),
(516, 'korytarz ', 'der Flur', NULL, NULL, 2),
(517, 'pokój dzienny ', 'das Wohnzimmer', NULL, NULL, 2),
(518, 'taras ', 'die Terrasse', NULL, NULL, 2),
(519, 'pokój dziecięcy ', 'das Kinderzimmer', NULL, NULL, 2),
(520, 'dom jednorodzinny ', 'das Einfamilienhaus', NULL, NULL, 2),
(521, 'pokój ', 'das Zimmer', NULL, NULL, 2),
(522, 'pokój dla gości ', 'das Gästezimmer', NULL, NULL, 2),
(523, 'wieżowiec ', 'das Hochhaus', NULL, NULL, 2),
(524, 'biblioteka ', 'die Bibliothek/die Bücherei', NULL, NULL, 2),
(525, 'willa ', 'die Villa', NULL, NULL, 2),
(526, 'pokój do pracy ', 'das Arbeitzimmer', NULL, NULL, 2),
(527, 'dom wielorodzinny ', 'das Mehrfamilienhaus', NULL, NULL, 2),
(528, 'schody ', 'die Treppe', NULL, NULL, 2),
(529, 'garaż ', 'die Garage', NULL, NULL, 2),
(530, 'klatka schodowa ', 'das Treppenhaus', NULL, NULL, 2),
(531, 'łazienka ', 'das Badezimmer', NULL, NULL, 2),
(532, 'piwnica ', 'der Keller', NULL, NULL, 2),
(533, 'kuchnia ', 'die Küche', NULL, NULL, 2),
(534, 'poddasze ', 'das Dachgeschoss', NULL, NULL, 2),
(535, 'toaleta ', 'die Toilette', NULL, NULL, 2),
(536, 'pomieszczenie ', 'der Raum', NULL, NULL, 2),
(537, 'garderoba ', 'die Garderobe', NULL, NULL, 2),
(538, 'jadalnia', 'das Esszimmer', NULL, NULL, 2),
(539, 'piętro ', 'der Stock', NULL, NULL, 2),
(540, 'pralnia ', 'die Wäscherei', NULL, NULL, 2),
(541, 'ogród ', 'der Garten', NULL, NULL, 2),
(542, 'podwórze ', 'der Hof', NULL, NULL, 2),
(543, 'parter ', 'das Erdgeschoss', NULL, NULL, 2),
(544, 'budynek ', 'das Gebäude', NULL, NULL, 2),
(545, 'spiżarnia ', 'die Speisekammer', NULL, NULL, 2),
(546, 'płot', 'der Zaun', NULL, NULL, 2),
(547, 'winda ', 'der Lift', NULL, NULL, 2),
(548, 'centralne ogrzewanie ', 'die Zentralheizung', NULL, NULL, 2),
(549, 'trawnik ', 'der Rasen', NULL, NULL, 2),
(550, 'szafa z ubraniami/pot. szafa na ciuchy ', 'der Kleiderschrank', NULL, NULL, 2),
(551, 'wyposażenie ', 'die Ausstattung', NULL, NULL, 2),
(552, 'biurko ', 'der Schreibtisch', NULL, NULL, 2),
(553, 'dywan ', 'der Teppich', NULL, NULL, 2),
(554, 'szafa ', 'der Schrank', NULL, NULL, 2),
(555, 'fotel ', 'der Sessel', NULL, NULL, 2),
(556, 'telewizor ', 'der Fernseher', NULL, NULL, 2),
(557, 'stół  ', 'der Tisch', NULL, NULL, 2),
(558, 'krzesło ', 'der Stuhl', NULL, NULL, 2),
(559, 'komoda ', 'die Kommode', NULL, NULL, 2),
(560, 'łóżko ', 'das Bett', NULL, NULL, 2),
(561, 'komputer ', 'der Computer', NULL, NULL, 2),
(562, 'drzwi ', 'die Tür', NULL, NULL, 2),
(563, 'kosz na śmieci ', 'der Mülleimer', NULL, NULL, 2),
(564, 'meblościanka ', 'die Schrankwand', NULL, NULL, 2),
(565, 'łącze internetowe', 'der Internetanschluss', NULL, NULL, 2),
(566, 'lustro ', 'der Spiegel', NULL, NULL, 2),
(567, 'lampa ', 'die Lampe', NULL, NULL, 2),
(568, 'regał na książki ', 'das Bücherregal', NULL, NULL, 2),
(569, 'der Kühlschrank ', 'lodówka', NULL, NULL, 2),
(570, 'kominek ', 'der Kamin', NULL, NULL, 2),
(571, 'stolik nocny ', 'der Nachttisch', NULL, NULL, 2),
(572, 'regał ', 'das Regal', NULL, NULL, 2),
(573, 'szafa na naczynia ', 'der Geschirrschrank', NULL, NULL, 2),
(574, 'sofa ', 'das Sofa', NULL, NULL, 2),
(575, 'kanapa narożna ', 'die Eckcouch', NULL, NULL, 2),
(576, 'krzesło obrotowe ', 'der Drehstuhl', NULL, NULL, 2),
(577, 'komoda ', 'die Kommode', NULL, NULL, 2),
(578, 'ściana', 'die Wand', NULL, NULL, 2),
(579, 'znajduje się ', 'befindet sich', NULL, NULL, 2),
(580, 'znajdują się ', 'befinden sich', NULL, NULL, 2),
(581, 'stoi ', 'steht', NULL, NULL, 2),
(582, 'stoją ', 'stehen', NULL, NULL, 2),
(583, 'leży ', 'liegt', NULL, NULL, 2),
(584, 'leżą ', 'liegen', NULL, NULL, 2),
(585, 'wisi ', 'hängt', NULL, NULL, 2),
(586, 'wiszą ', 'hängen', NULL, NULL, 2),
(587, 'przytulny ', 'gemütlich', NULL, NULL, 2),
(588, 'na pierwszym piętrze', 'im ersten Stock', NULL, NULL, 2),
(589, 'Zamknij drzwi ', 'Mach die Tür zu!', NULL, NULL, 2),
(590, 'idę do domu ', 'ich gehe nach Hause', NULL, NULL, 2),
(591, 'Otwórz okno  ', 'Mach das Fenster auf!', NULL, NULL, 2),
(592, 'Ten pokój nie jest zbyt czysty', 'Das Zimmer ist nicht sauber', NULL, NULL, 2),
(593, 'klucz ', 'der Schlüssel', NULL, NULL, 2),
(594, 'sąsiad', 'der Nachbar', NULL, NULL, 2),
(595, 'Ile wynosi czynsz?', 'Wie hoch ist die Miete?', NULL, NULL, 2),
(596, 'Na ścianie wiszą 2 obrazy.', 'An der Wand hängen zwei Bilder', NULL, NULL, 2),
(597, 'W rogu stoi kwiatek/roślina', 'In der Ecke steht eine  Pflanze', NULL, NULL, 2),
(598, 'Czynności ', 'Die Tätigkeiten', NULL, NULL, 2),
(599, 'dzień powszedni    ', 'der Alltag', NULL, NULL, 2),
(600, 'pory dnia', 'Tageszeiten', NULL, NULL, 2),
(601, 'przebieg dnia  ', 'der Tagesablauf', NULL, NULL, 2),
(602, 'rano, ranek', 'der Morgen', NULL, NULL, 2),
(603, 'codziennie  ', 'jeden Tag/täglich', NULL, NULL, 2),
(604, 'rano, rankiem', 'am Morgen', NULL, NULL, 2),
(605, 'budzić się  ', 'auwachen', NULL, NULL, 2),
(606, 'rano, z rana, rankiem', 'morgens', NULL, NULL, 2),
(607, 'wyspać się  ', 'sich ausschlafen', NULL, NULL, 2),
(608, 'wczesnym rankiem', 'frühmorgens', NULL, NULL, 2),
(609, 'wstawać    ', 'aufstehen', NULL, NULL, 2),
(610, 'przedpołudnie  ', 'der Vormittag', NULL, NULL, 2),
(611, 'wcześnie wstawać ', 'früh aufstehen', NULL, NULL, 2),
(612, 'poźno wstać ', 'spät aufstehen', NULL, NULL, 2),
(613, 'przed południem', 'am Vormittag', NULL, NULL, 2),
(614, 'ścielić łóżko  ', 'das Bett machen', NULL, NULL, 2),
(615, 'przed południem ', 'vormittags', NULL, NULL, 2),
(616, 'brać prysznic  ', 'duschen', NULL, NULL, 2),
(617, 'południe', 'der Mittag', NULL, NULL, 2),
(618, 'iść pod prysznic  ', 'in die Dusche gehen', NULL, NULL, 2),
(619, 'w południe', 'am Mittag', NULL, NULL, 2),
(620, 'ubierać się    ', 'anziehen sich', NULL, NULL, 2),
(621, 'w południe', 'mittags', NULL, NULL, 2),
(622, 'czesać się  ', 'kämmen sich', NULL, NULL, 2),
(623, 'popołudnie', 'der Nachmittag', NULL, NULL, 2),
(624, 'golić się    ', 'rasieren sich', NULL, NULL, 2),
(625, 'po południu', 'am Nachmittag', NULL, NULL, 2),
(626, 'wyprowadzać psa', 'mit dem Hund ausgehen', NULL, NULL, 2),
(627, 'popołudniem', 'nachmittags', NULL, NULL, 2),
(628, 'karmić ( np. psa)  ', 'füttern', NULL, NULL, 2),
(629, 'wieczór ', 'der Abend', NULL, NULL, 2),
(630, 'jeść śniadanie', 'frühstücken / Frühstück essen(2)', NULL, NULL, 2),
(631, 'wieczorem', 'am Abend', NULL, NULL, 2),
(632, 'jeść obiad      ', 'zu Mittag essen', NULL, NULL, 2),
(633, 'wieczorem ', 'abends', NULL, NULL, 2),
(634, 'jeść kolację  ', 'das Abendbrot essen', NULL, NULL, 2),
(635, 'noc', 'die Nacht', NULL, NULL, 2),
(636, 'iść spać ', 'schlafen gehen', NULL, NULL, 2),
(637, 'nocą', 'in der Nacht', NULL, NULL, 2),
(638, 'iść późno spać  ', 'spät ins Bett gehen', NULL, NULL, 2),
(639, 'nocą   ', 'nachts', NULL, NULL, 2),
(640, 'być w domu  ', 'zu Hause sein', NULL, NULL, 2),
(641, 'o północy', 'um Mitternacht', NULL, NULL, 2),
(642, 'zostawać w domu', 'zu Hause bleiben', NULL, NULL, 2),
(643, 'zasypiać', 'einschlafen', NULL, NULL, 2),
(644, 'wychodzić z domu', 'aus dem Haus gehen', NULL, NULL, 2),
(645, 'iść do pracy', 'zur Arbeit gehen', NULL, NULL, 2),
(646, 'iść do szkoły na pieszo', 'zu Fuß zur Schule gehen', NULL, NULL, 2),
(647, 'przyjść do domu koło południa', 'gegen Mittag nach Hause zurückkommen', NULL, NULL, 2),
(648, 'wracać do domu      ', 'nach Hause zurückkommen', NULL, NULL, 2),
(649, 'myć zęby         ', 'Zähne putzen', NULL, NULL, 2),
(650, 'odrabiać prace domowe    ', 'Hausaufgaben machen', NULL, NULL, 2),
(651, 'przebierać się', 'umziehen sich', NULL, NULL, 2),
(652, 'zmywać naczynia(2)', 'das Geschirr spülen/abwaschen', NULL, NULL, 2),
(653, 'obudzić                                           ', 'aufwecken', NULL, NULL, 2),
(654, 'pomagać w kuchni', 'in der Küche helfen', NULL, NULL, 2),
(655, 'mieć przerwę', 'Pause haben', NULL, NULL, 2),
(656, 'pracować na komputerze', 'am Computer arbeiten', NULL, NULL, 2),
(657, 'robić zakupy (2)', 'Einkäufe machen / einkaufen', NULL, NULL, 2),
(658, 'prowadzić dom', 'den Haushalt führen', NULL, NULL, 2),
(659, 'przygotowywać jedzenie', 'das Essen zubereiten', NULL, NULL, 2),
(660, 'robić pranie ', 'Wäsche machen', NULL, NULL, 2),
(661, 'prasować', 'bügeln', NULL, NULL, 2),
(662, 'robić porządek ', 'Ordnung machen', NULL, NULL, 2),
(663, 'zmywać naczynia ', 'Geshirr spülen', NULL, NULL, 2),
(664, 'sprzątać ', 'aufräumen', NULL, NULL, 2),
(665, 'myć okna', 'die Fenster putzen', NULL, NULL, 2),
(666, 'sprzątać pokój', 'Zimmer aufräumen', NULL, NULL, 2),
(667, 'odkurzać ', 'staubsaugen', NULL, NULL, 2),
(668, 'pracować w ogrodzie', 'im Garten arbeiten', NULL, NULL, 2),
(669, 'kosić trawnik', 'den Rasen mähen', NULL, NULL, 2),
(670, 'podlewać kwiatki ', 'Blumen gießen', NULL, NULL, 2),
(671, 'wyrzucać śmieci ', 'Müll wegbringen', NULL, NULL, 2),
(672, 'robić porządek', 'Ordnung machen', NULL, NULL, 2),
(673, 'nakrywać stół ', 'den Tisch decken', NULL, NULL, 2),
(674, 'sprzątać ze stołu ', 'den Tisch abräumen', NULL, NULL, 2),
(675, 'mieć ręce pełne roboty', 'alle Hände voll zu tun haben', NULL, NULL, 2),
(676, 'włączyć telewizor', 'den Fernseher einschalten', NULL, NULL, 2),
(677, 'uczyć się słówek', 'Wörter lernen', NULL, NULL, 2),
(678, 'słuchać dialogów', 'Dialoge hören', NULL, NULL, 2),
(679, 'przygotowywać się do', 'vorbereiten sich auf', NULL, NULL, 2),
(680, 'odpoczywać', 'erholen', NULL, NULL, 2),
(681, 'uprawiać sport', 'Sport treiben', NULL, NULL, 2),
(682, 'pisać, prowadzić bloga', 'Blog führen', NULL, NULL, 2),
(683, 'spędzać czas na Facebooku', 'Zeit bei Facebook verbringen', NULL, NULL, 2),
(684, 'grać na komputerze', 'Computer spielen', NULL, NULL, 2),
(685, 'wysyłać e-maile', 'E- Mails senden', NULL, NULL, 2),
(686, 'majsterkować', 'basteln', NULL, NULL, 2),
(687, 'w każdy poranek', 'jeden Morgen', NULL, NULL, 2),
(688, 'w każde przedpołudnie', 'jeden Vormittag', NULL, NULL, 2),
(689, 'w każde południe', 'jeden Mittag', NULL, NULL, 2),
(690, 'w każde popołudnie', 'jeden Nachmittag', NULL, NULL, 2),
(691, 'każdego wieczora', 'jeden Abend', NULL, NULL, 2),
(692, 'każdego dnia', 'jeden Tag', NULL, NULL, 2),
(693, 'w każdy poniedziałek/wtorek', 'jeden Montag/Dienstag', NULL, NULL, 2),
(694, 'czasami', 'manchmal', NULL, NULL, 2),
(695, 'od czasu do czasu ', 'ab und zu', NULL, NULL, 2),
(696, 'każdej nocy', 'jede Nacht', NULL, NULL, 2),
(697, 'zawsze', 'immer', NULL, NULL, 2),
(698, 'często', 'oft', NULL, NULL, 2),
(699, 'w każdy weekend', 'jedes Wochenende', NULL, NULL, 2),
(700, 'cały poranek/całe przedpołudnie', 'den ganzen Morgen/Vormittag', NULL, NULL, 2),
(701, 'cały tydzień', 'die ganze Woche', NULL, NULL, 2),
(702, 'cały weekend', 'das ganze Wochenende', NULL, NULL, 2),
(703, 'brat', 'der Bruder', NULL, NULL, 2),
(704, 'siostra', 'die Schwester', NULL, NULL, 2),
(705, 'mama', 'die Mutter', NULL, NULL, 2),
(706, 'tata', 'der Vater', NULL, NULL, 2),
(707, 'rodzice', 'die Eltern', NULL, NULL, 2),
(708, 'dziadek', 'der Großvater', NULL, NULL, 2),
(709, 'babcia', 'die Großmutter', NULL, NULL, 2),
(710, 'dziadkowie', 'die Großeltern', NULL, NULL, 2),
(711, 'mąż', 'der Ehemann', NULL, NULL, 2),
(712, 'żona', 'die Ehefrau', NULL, NULL, 2),
(713, 'teściowa', 'die Schwiegermutter', NULL, NULL, 2),
(714, 'teść', 'der Schwiegervater', NULL, NULL, 2),
(715, 'ciocia', 'die Tante', NULL, NULL, 2),
(716, 'wujek', 'der Onkel', NULL, NULL, 2),
(717, 'kuzyn', 'der Cousin', NULL, NULL, 2),
(718, 'kuzynka', 'die Cousine', NULL, NULL, 2),
(719, 'jamnik', 'der Dackel', NULL, NULL, 2),
(720, 'krewny  ', 'der Verwandte', NULL, NULL, 2),
(721, 'para   ', 'das Paar', NULL, NULL, 2),
(722, 'małżeństwo  ', 'das Ehepaar', NULL, NULL, 2),
(723, 'poślubić', 'heiraten', NULL, NULL, 2),
(724, 'żonaty ', 'verheiratet', NULL, NULL, 2),
(725, 'rozwiedzony  ', 'geschieden', NULL, NULL, 2),
(726, 'owdowiały', 'verwitwet', NULL, NULL, 2),
(727, 'wolny    ', 'ledig ', NULL, NULL, 2),
(728, 'rozstawać się', 'sich trennen', NULL, NULL, 2),
(729, 'samotny   ', 'alleinstehend', NULL, NULL, 2),
(730, 'przyjaźń', 'die Freundschaft', NULL, NULL, 2),
(731, 'kolega szkolny', 'der Schulfreund', NULL, NULL, 2),
(732, 'znać się dobrze ', 'gut kennen', NULL, NULL, 2),
(733, 'utrzymywać kontakt', 'in Kontakt bleiben', NULL, NULL, 2),
(734, 'znajoma    ', 'die Bekannte', NULL, NULL, 2),
(735, 'wizyta  ', 'der Besuch', NULL, NULL, 2),
(736, 'nastolatek ', 'der Jugendliche', NULL, NULL, 2),
(737, 'młodzież ', 'die Jugend', NULL, NULL, 2),
(738, 'dorosły  ', 'der Erwachsene', NULL, NULL, 2),
(739, 'odwiedzać ', 'besuchen', NULL, NULL, 2),
(740, 'poznawać', 'kennen lernen', NULL, NULL, 2),
(741, 'zakochany w', 'verliebt In', NULL, NULL, 2),
(742, 'zakochać się w', 'sich verlieben In', NULL, NULL, 2),
(743, 'podobać się  ', 'geffalen', NULL, NULL, 2),
(744, 'wychodzić', 'ausgehen', NULL, NULL, 2),
(745, 'kochać', 'lieben', NULL, NULL, 2),
(746, 'całować', 'kussen', NULL, NULL, 2);

DROP TABLE IF EXISTS `vocabulary_type`;
CREATE TABLE `vocabulary_type` (
  `id` int(11) NOT NULL,
  `name` varchar(100) COLLATE utf8_polish_ci NOT NULL,
  `language` int(11) NOT NULL
) ENGINE=InnoDB DEFAULT CHARSET=utf8 COLLATE=utf8_polish_ci;

INSERT INTO `vocabulary_type` (`id`, `name`, `language`) VALUES
(1, 'Słownictwo', 1),
(2, 'Słownictwo', 2),
(3, 'Czasowniki nieregularne', 2);


ALTER TABLE `languages`
  ADD PRIMARY KEY (`id`);

ALTER TABLE `role`
  ADD PRIMARY KEY (`id`);

ALTER TABLE `users`
  ADD PRIMARY KEY (`id`),
  ADD KEY `role_fk` (`role`);

ALTER TABLE `vocabulary`
  ADD PRIMARY KEY (`id`),
  ADD KEY `type_fk` (`type`);

ALTER TABLE `vocabulary_type`
  ADD PRIMARY KEY (`id`),
  ADD KEY `language_fk` (`language`);


ALTER TABLE `languages`
  MODIFY `id` int(11) NOT NULL AUTO_INCREMENT, AUTO_INCREMENT=3;

ALTER TABLE `role`
  MODIFY `id` int(11) NOT NULL AUTO_INCREMENT, AUTO_INCREMENT=3;

ALTER TABLE `users`
  MODIFY `id` int(11) NOT NULL AUTO_INCREMENT, AUTO_INCREMENT=5;

ALTER TABLE `vocabulary`
  MODIFY `id` int(11) NOT NULL AUTO_INCREMENT, AUTO_INCREMENT=747;

ALTER TABLE `vocabulary_type`
  MODIFY `id` int(11) NOT NULL AUTO_INCREMENT, AUTO_INCREMENT=4;


ALTER TABLE `users`
  ADD CONSTRAINT `role_fk` FOREIGN KEY (`role`) REFERENCES `role` (`id`);

ALTER TABLE `vocabulary`
  ADD CONSTRAINT `type_fk` FOREIGN KEY (`type`) REFERENCES `vocabulary_type` (`id`);

ALTER TABLE `vocabulary_type`
  ADD CONSTRAINT `language_fk` FOREIGN KEY (`language`) REFERENCES `languages` (`id`);
COMMIT;

/*!40101 SET CHARACTER_SET_CLIENT=@OLD_CHARACTER_SET_CLIENT */;
/*!40101 SET CHARACTER_SET_RESULTS=@OLD_CHARACTER_SET_RESULTS */;
/*!40101 SET COLLATION_CONNECTION=@OLD_COLLATION_CONNECTION */;
